Workbook
Name Slicer_Age_Group: #N/A
Name Slicer_Department: #N/A
Name Slicer_Is_Manager: #N/A
Name Slicer_Salary_Group: #N/A

Sheet Raw Data
A1: Index | B1: Employee_ID | C1: Age | D1: Department | E1: Is_Manager | F1: Join_Date | G1: Experience | H1: Salary
A2: 0 | B2: 8794 | C2: 60 | D2: Finance | E2: FALSE | F2: 24-03-94 | G2: 30 | H2: 238668
A3: 1 | B3: 8222 | C3: 28 | D3: Sales | E3: TRUE | F3: 29079 | G3: 13 | H3: 105995
A4: 2 | B4: 7643 | C4: 30 | D4: Marketing | E4: FALSE | F4: 25-09-98 | G4: 11 | H4: 96120
A5: 3 | B5: 2737 | C5: 38 | D5: HR | E5: TRUE | F5: 23-11-11 | G5: 20 | H5: 153525
A6: 4 | B6: 8557 | C6: 61 | D6: HR | E6: TRUE | F6: 27982 | G6: 31 | H6: 249192
A7: 5 | B7: 8484 | C7: 31 | D7: Marketing | E7: FALSE | F7: 30138 | G7: 14 | H7: 112443
A8: 6 | B8: 5854 | C8: 64 | D8: Finance | E8: FALSE | F8: 29931 | G8: 33 | H8: 269150
A9: 7 | B9: 6012 | C9: 33 | D9: Finance | E9: FALSE | F9: 28-09-83 | G9: 13 | H9: 99541
A10: 8 | B10: 7462 | C10: 34 | D10: Finance | E10: FALSE | F10: 22-01-21 | G10: 15 | H10: 119128
A11: 9 | B11: 7276 | C11: 23 | D11: Finance | E11: FALSE | F11: 41708 | G11: 11 | H11: 83249
A12: 10 | B12: 6621 | C12: 51 | D12: IT | E12: TRUE | F12: 27366 | G12: 26 | H12: 201259
A13: 11 | B13: 7461 | C13: 43 | D13: IT | E13: TRUE | F13: 33456 | G13: 17 | H13: 144477
A14: 12 | B14: 4181 | C14: 33 | D14: Finance | E14: TRUE | F14: 22-04-15 | G14: 18 | H14: 148126
A15: 13 | B15: 9770 | C15: 64 | D15: Marketing | E15: FALSE | F15: 30871 | G15: 29 | H15: 237357
A16: 14 | B16: 9138 | C16: 41 | D16: Finance | E16: TRUE | F16: 17-11-04 | G16: 19 | H16: 158446
A17: 15 | B17: 7182 | C17: 30 | D17: Marketing | E17: TRUE | F17: 30052 | G17: 15 | H17: 124601
A18: 16 | B18: 9901 | C18: 60 | D18: IT | E18: TRUE | F18: 22-03-01 | G18: 27 | H18: 209673
A19: 17 | B19: 9684 | C19: 25 | D19: Finance | E19: FALSE | F19: 23-11-23 | G19: 11 | H19: 88325
A20: 18 | B20: 6645 | C20: 30 | D20: Marketing | E20: FALSE | F20: 37292 | G20: 14 | H20: 117761
A21: 19 | B21: 4049 | C21: 45 | D21: IT | E21: TRUE | F21: 33857 | G21: 24 | H21: 193695
A22: 20 | B22: 7857 | C22: 56 | D22: Finance | E22: TRUE | F22: 13-05-73 | G22: 27 | H22: 223718
A23: 21 | B23: 3757 | C23: 32 | D23: Finance | E23: TRUE | F23: 31-10-09 | G23: 16 | H23: 136877
A24: 22 | B24: 9062 | C24: 49 | D24: Sales | E24: TRUE | F24: 29-07-13 | G24: 24 | H24: 201355
A25: 23 | B25: 4459 | C25: 52 | D25: HR | E25: FALSE | F25: 41979 | G25: 25 | H25: 197155
A26: 24 | B26: 2444 | C26: 43 | D26: IT | E26: TRUE | F26: 13-02-85 | G26: 22 | H26: 181254
A27: 25 | B27: 3005 | C27: 56 | D27: Sales | E27: TRUE | F27: 13-03-09 | G27: 24 | H27: 197009
A28: 26 | B28: 6797 | C28: 47 | D28: IT | E28: TRUE | F28: 20-03-96 | G28: 26 | H28: 201648
A29: 27 | B29: 5040 | C29: 37 | D29: HR | E29: TRUE | F29: 13-02-72 | G29: 22 | H29: 186028
A30: 28 | B30: 9477 | C30: 54 | D30: IT | E30: TRUE | F30: 39724 | G30: 26 | H30: 201094
A31: 29 | B31: 3555 | C31: 48 | D31: Sales | E31: TRUE | F31: 29227 | G31: 25 | H31: 192419
A32: 30 | B32: 3490 | C32: 28 | D32: IT | E32: TRUE | F32: 38026 | G32: 13 | H32: 103102
A33: 31 | B33: 3637 | C33: 62 | D33: Marketing | E33: TRUE | F33: 13-01-76 | G33: 31 | H33: 248038
A34: 32 | B34: 9629 | C34: 44 | D34: Marketing | E34: TRUE | F34: 22-07-94 | G34: 22 | H34: 178656
A35: 33 | B35: 6809 | C35: 40 | D35: IT | E35: TRUE | F35: 28011 | G35: 19 | H35: 149831
A36: 34 | B36: 8660 | C36: 34 | D36: HR | E36: TRUE | F36: 43527 | G36: 17 | H36: 137180
A37: 35 | B37: 3840 | C37: 45 | D37: Sales | E37: TRUE | F37: 15-11-72 | G37: 22 | H37: 173071
A38: 36 | B38: 8354 | C38: 45 | D38: Finance | E38: FALSE | F38: 28-09-71 | G38: 22 | H38: 177939
A39: 37 | B39: 9487 | C39: 37 | D39: Sales | E39: FALSE | F39: 45451 | G39: 14 | H39: 115812
A40: 38 | B40: 1501 | C40: 47 | D40: Marketing | E40: TRUE | F40: 17-09-88 | G40: 21 | H40: 159633
A41: 39 | B41: 3766 | C41: 30 | D41: Marketing | E41: TRUE | F41: 23-06-77 | G41: 16 | H41: 132927
A42: 40 | B42: 6867 | C42: 47 | D42: Sales | E42: FALSE | F42: 39729 | G42: 26 | H42: 208357
A43: 41 | B43: 3272 | C43: 22 | D43: Sales | E43: TRUE | F43: 16-09-94 | G43: 12 | H43: 98088
A44: 42 | B44: 9299 | C44: 45 | D44: Sales | E44: FALSE | F44: 44288 | G44: 20 | H44: 162526
A45: 43 | B45: 3681 | C45: 48 | D45: Finance | E45: TRUE | F45: 20-02-74 | G45: 23 | H45: 182251
A46: 44 | B46: 1311 | C46: 51 | D46: Sales | E46: TRUE | F46: 21-04-22 | G46: 27 | H46: 222715
A47: 45 | B47: 7563 | C47: 31 | D47: Finance | E47: FALSE | F47: 30256 | G47: 17 | H47: 133435
A48: 46 | B48: 1977 | C48: 38 | D48: Finance | E48: FALSE | F48: 43774 | G48: 18 | H48: 130398
A49: 47 | B49: 2765 | C49: 40 | D49: Sales | E49: TRUE | F49: 14-01-00 | G49: 21 | H49: 164496
A50: 48 | B50: 1385 | C50: 42 | D50: Finance | E50: FALSE | F50: 38726 | G50: 19 | H50: 158595
A51: 49 | B51: 4113 | C51: 64 | D51: Marketing | E51: FALSE | F51: 41158 | G51: 30 | H51: 236259
A52: 50 | B52: 8791 | C52: 50 | D52: Sales | E52: TRUE | F52: 15-04-75 | G52: 22 | H52: 174905
A53: 51 | B53: 7925 | C53: 44 | D53: HR | E53: FALSE | F53: 18-12-94 | G53: 21 | H53: 161581
A54: 52 | B54: 9867 | C54: 50 | D54: IT | E54: TRUE | F54: 22-10-87 | G54: 27 | H54: 210865
A55: 53 | B55: 3086 | C55: 46 | D55: IT | E55: TRUE | F55: 44045 | G55: 23 | H55: 187209
A56: 54 | B56: 2797 | C56: 51 | D56: IT | E56: TRUE | F56: 41466 | G56: 27 | H56: 216483
A57: 55 | B57: 2514 | C57: 63 | D57: IT | E57: FALSE | F57: 37958 | G57: 31 | H57: 241732
A58: 56 | B58: 5404 | C58: 22 | D58: IT | E58: TRUE | F58: 21-05-74 | G58: 13 | H58: 100085
A59: 57 | B59: 7609 | C59: 48 | D59: HR | E59: FALSE | F59: 33181 | G59: 24 | H59: 196599
A60: 58 | B60: 4788 | C60: 53 | D60: Sales | E60: FALSE | F60: 20-06-87 | G60: 25 | H60: 203758
A61: 59 | B61: 1607 | C61: 59 | D61: IT | E61: TRUE | F61: 19-10-76 | G61: 32 | H61: 254771
A62: 60 | B62: 4605 | C62: 53 | D62: Finance | E62: TRUE | F62: 18-09-08 | G62: 28 | H62: 221350
A63: 61 | B63: 9897 | C63: 60 | D63: Finance | E63: FALSE | F63: 21-08-04 | G63: 28 | H63: 227840
A64: 62 | B64: 6593 | C64: 30 | D64: Finance | E64: FALSE | F64: 24-09-08 | G64: 15 | H64: 118126
A65: 63 | B65: 2340 | C65: 32 | D65: Sales | E65: FALSE | F65: 27763 | G65: 15 | H65: 124811
A66: 64 | B66: 5328 | C66: 34 | D66: IT | E66: FALSE | F66: 25-06-05 | G66: 17 | H66: 138134
A67: 65 | B67: 5037 | C67: 36 | D67: Finance | E67: FALSE | F67: 25-05-00 | G67: 16 | H67: 127124
A68: 66 | B68: 4527 | C68: 44 | D68: Sales | E68: FALSE | F68: 27977 | G68: 19 | H68: 151056
A69: 67 | B69: 6286 | C69: 40 | D69: Finance | E69: FALSE | F69: 21-06-02 | G69: 18 | H69: 135177
A70: 68 | B70: 3154 | C70: 31 | D70: Marketing | E70: TRUE | F70: 28-01-97 | G70: 12 | H70: 99214
A71: 69 | B71: 9819 | C71: 35 | D71: Sales | E71: FALSE | F71: 43563 | G71: 17 | H71: 133866
A72: 70 | B72: 3438 | C72: 32 | D72: IT | E72: TRUE | F72: 27125 | G72: 16 | H72: 127570
A73: 71 | B73: 8337 | C73: 35 | D73: HR | E73: TRUE | F73: 33547 | G73: 19 | H73: 140250
A74: 72 | B74: 7233 | C74: 51 | D74: Sales | E74: FALSE | F74: 33787 | G74: 27 | H74: 212800
A75: 73 | B75: 7073 | C75: 50 | D75: HR | E75: FALSE | F75: 33703 | G75: 23 | H75: 191346
A76: 74 | B76: 6850 | C76: 36 | D76: Marketing | E76: TRUE | F76: 24-03-97 | G76: 20 | H76: 160278
A77: 75 | B77: 7191 | C77: 52 | D77: Sales | E77: TRUE | F77: 30594 | G77: 27 | H77: 217985
A78: 76 | B78: 5208 | C78: 36 | D78: IT | E78: TRUE | F78: 16-12-22 | G78: 20 | H78: 172798
A79: 77 | B79: 5116 | C79: 26 | D79: IT | E79: FALSE | F79: 23-02-71 | G79: 15 | H79: 120869
A80: 78 | B80: 6328 | C80: 45 | D80: Sales | E80: TRUE | F80: 29-02-80 | G80: 23 | H80: 186135
A81: 79 | B81: 3538 | C81: 27 | D81: HR | E81: FALSE | F81: 16-06-13 | G81: 12 | H81: 107313
A82: 80 | B82: 5826 | C82: 48 | D82: HR | E82: FALSE | F82: 27040 | G82: 23 | H82: 189726
A83: 81 | B83: 6108 | C83: 45 | D83: HR | E83: TRUE | F83: 24-11-12 | G83: 21 | H83: 171530
A84: 82 | B84: 2867 | C84: 64 | D84: Marketing | E84: FALSE | F84: 42316 | G84: 34 | H84: 271935
A85: 83 | B85: 4495 | C85: 53 | D85: Marketing | E85: TRUE | F85: 21-07-76 | G85: 29 | H85: 234900
A86: 84 | B86: 9750 | C86: 49 | D86: Finance | E86: FALSE | F86: 26-09-08 | G86: 23 | H86: 181290
A87: 85 | B87: 9243 | C87: 60 | D87: Sales | E87: FALSE | F87: 35342 | G87: 31 | H87: 246555
A88: 86 | B88: 8462 | C88: 51 | D88: Finance | E88: TRUE | F88: 13-04-97 | G88: 24 | H88: 191660
A89: 87 | B89: 8247 | C89: 22 | D89: Sales | E89: TRUE | F89: 21-05-04 | G89: 14 | H89: 111511
A90: 88 | B90: 3054 | C90: 43 | D90: IT | E90: TRUE | F90: 15-11-20 | G90: 19 | H90: 148439
A91: 89 | B91: 3988 | C91: 31 | D91: HR | E91: TRUE | F91: 21-07-89 | G91: 15 | H91: 120884
A92: 90 | B92: 3300 | C92: 26 | D92: Sales | E92: TRUE | F92: 45667 | G92: 12 | H92: 94805
A93: 91 | B93: 9343 | C93: 27 | D93: Sales | E93: FALSE | F93: 31-12-81 | G93: 13 | H93: 97135
A94: 92 | B94: 4183 | C94: 52 | D94: IT | E94: FALSE | F94: 28-04-06 | G94: 29 | H94: 220820
A95: 93 | B95: 4933 | C95: 31 | D95: Marketing | E95: TRUE | F95: 21-12-13 | G95: 14 | H95: 118043
A96: 94 | B96: 7374 | C96: 52 | D96: HR | E96: FALSE | F96: 40149 | G96: 27 | H96: 223315
A97: 95 | B97: 1082 | C97: 61 | D97: Finance | E97: TRUE | F97: 38018 | G97: 30 | H97: 246738
A98: 96 | B98: 4204 | C98: 52 | D98: Finance | E98: FALSE | F98: 43381 | G98: 24 | H98: 191082
A99: 97 | B99: 9015 | C99: 59 | D99: Finance | E99: FALSE | F99: 42924 | G99: 28 | H99: 225302
A100: 98 | B100: 1706 | C100: 40 | D100: IT | E100: FALSE | F100: 18-09-23 | G100: 18 | H100: 142093
...

Sheet Cleaned Data
A1: Index | B1: Employee_ID | C1: Age | D1: Department | E1: Is_Manager | F1: Join_Date | G1: Experience | H1: Salary | I1: Age Group | J1: Salary Group
A2: 1 | B2: 8794 | C2: 60 | D2: Finance | E2: Not Manager | F2: 34417 | G2: 30 | H2: 238668 | I2: {=_xlfn.IFS(C2>50,"50+",C2>=30,"30-50",C2<30,"Under 30")} -> 50+ | J2: {=_xlfn.IFS(H2>200000,"2 Lakhs +",H2>=100000,"1-2 Lakhs",H2<100000,"Below 1 Lakhs")} -> 2 Lakhs +
A3: 2 | B3: 8222 | C3: 28 | D3: Sales | E3: Manager | F3: 29197 | G3: 13 | H3: 105995 | I3: {=_xlfn.IFS(C3>50,"50+",C3>=30,"30-50",C3<30,"Under 30")} -> Under 30 | J3: {=_xlfn.IFS(H3>200000,"2 Lakhs +",H3>=100000,"1-2 Lakhs",H3<100000,"Below 1 Lakhs")} -> 1-2 Lakhs
A4: 3 | B4: 7643 | C4: 30 | D4: Marketing | E4: Not Manager | F4: 36063 | G4: 11 | H4: 96120 | I4: {=_xlfn.IFS(C4>50,"50+",C4>=30,"30-50",C4<30,"Under 30")} -> 30-50 | J4: {=_xlfn.IFS(H4>200000,"2 Lakhs +",H4>=100000,"1-2 Lakhs",H4<100000,"Below 1 Lakhs")} -> Below 1 Lakhs
A5: 4 | B5: 2737 | C5: 38 | D5: HR | E5: Manager | F5: 40870 | G5: 20 | H5: 153525 | I5: {=_xlfn.IFS(C5>50,"50+",C5>=30,"30-50",C5<30,"Under 30")} -> 30-50 | J5: {=_xlfn.IFS(H5>200000,"2 Lakhs +",H5>=100000,"1-2 Lakhs",H5<100000,"Below 1 Lakhs")} -> 1-2 Lakhs
A6: 5 | B6: 8557 | C6: 61 | D6: HR | E6: Manager | F6: 28041 | G6: 31 | H6: 249192 | I6: {=_xlfn.IFS(C6>50,"50+",C6>=30,"30-50",C6<30,"Under 30")} -> 50+ | J6: {=_xlfn.IFS(H6>200000,"2 Lakhs +",H6>=100000,"1-2 Lakhs",H6<100000,"Below 1 Lakhs")} -> 2 Lakhs +
A7: 6 | B7: 8484 | C7: 31 | D7: Marketing | E7: Not Manager | F7: 30109 | G7: 14 | H7: 112443 | I7: {=_xlfn.IFS(C7>50,"50+",C7>=30,"30-50",C7<30,"Under 30")} -> 30-50 | J7: {=_xlfn.IFS(H7>200000,"2 Lakhs +",H7>=100000,"1-2 Lakhs",H7<100000,"Below 1 Lakhs")} -> 1-2 Lakhs
A8: 7 | B8: 5854 | C8: 64 | D8: Finance | E8: Not Manager | F8: 29902 | G8: 33 | H8: 269150 | I8: {=_xlfn.IFS(C8>50,"50+",C8>=30,"30-50",C8<30,"Under 30")} -> 50+ | J8: {=_xlfn.IFS(H8>200000,"2 Lakhs +",H8>=100000,"1-2 Lakhs",H8<100000,"Below 1 Lakhs")} -> 2 Lakhs +
A9: 8 | B9: 6012 | C9: 33 | D9: Finance | E9: Not Manager | F9: 30587 | G9: 13 | H9: 99541 | I9: {=_xlfn.IFS(C9>50,"50+",C9>=30,"30-50",C9<30,"Under 30")} -> 30-50 | J9: {=_xlfn.IFS(H9>200000,"2 Lakhs +",H9>=100000,"1-2 Lakhs",H9<100000,"Below 1 Lakhs")} -> Below 1 Lakhs
A10: 9 | B10: 7462 | C10: 34 | D10: Finance | E10: Not Manager | F10: 44218 | G10: 15 | H10: 119128 | I10: {=_xlfn.IFS(C10>50,"50+",C10>=30,"30-50",C10<30,"Under 30")} -> 30-50 | J10: {=_xlfn.IFS(H10>200000,"2 Lakhs +",H10>=100000,"1-2 Lakhs",H10<100000,"Below 1 Lakhs")} -> 1-2 Lakhs
A11: 10 | B11: 7276 | C11: 23 | D11: Finance | E11: Not Manager | F11: 41915 | G11: 11 | H11: 83249 | I11: {=_xlfn.IFS(C11>50,"50+",C11>=30,"30-50",C11<30,"Under 30")} -> Under 30 | J11: {=_xlfn.IFS(H11>200000,"2 Lakhs +",H11>=100000,"1-2 Lakhs",H11<100000,"Below 1 Lakhs")} -> Below 1 Lakhs
A12: 11 | B12: 6621 | C12: 51 | D12: IT | E12: Manager | F12: 27100 | G12: 26 | H12: 201259 | I12: {=_xlfn.IFS(C12>50,"50+",C12>=30,"30-50",C12<30,"Under 30")} -> 50+ | J12: {=_xlfn.IFS(H12>200000,"2 Lakhs +",H12>=100000,"1-2 Lakhs",H12<100000,"Below 1 Lakhs")} -> 2 Lakhs +
A13: 12 | B13: 7461 | C13: 43 | D13: IT | E13: Manager | F13: 33397 | G13: 17 | H13: 144477 | I13: {=_xlfn.IFS(C13>50,"50+",C13>=30,"30-50",C13<30,"Under 30")} -> 30-50 | J13: {=_xlfn.IFS(H13>200000,"2 Lakhs +",H13>=100000,"1-2 Lakhs",H13<100000,"Below 1 Lakhs")} -> 1-2 Lakhs
... A501: 500 | B501: 7744 | C501: 29 | D501: Finance | E501: Manager | F501: 32315 | G501: 15 | H501: 114758 | I501: {=_xlfn.IFS(C501>50,"50+",C501>=30,"30-50",C501<30,"Under 30")} -> Under 30 | J501: {=_xlfn.IFS(H501>200000,"2 Lakhs +",H501>=100000,"1-2 Lakhs",H501<100000,"Below 1 Lakhs")} -> 1-2 Lakhs

Sheet Changelog
A1: Change | B1: What was done | C1: Why
A2: Index Number | B2: Changed index from 0 to 1 numbering ,convert datatype into number | C2: Easier to Understand
A3: Age | B3: Convert datatype into number | C3: To ensure age can be correctly for calculation and analysis
A4: Join date | B4: Convert datatype into short date | C4: Enable date/year analysis
A5: Experience | B5: Convert datatype into number | C5: To enable calculation and analysis
A6: Salary | B6: Convert datatype into currency | C6: Easier to read salary values
A7: Add Age Group | B7: Added age categories | C7: Simplify age group analysis
A8: Add Salary Group | B8: Added salary category | C8: Simplify salary range analysis
A9: Check | B9: Checked for duplicate records,no duplicates were found | C9: Ensure data is unique and accurate
A10: Is Manager | B10: Convert True or False to Manager or Non-Manager | C10: To Easy to Understand

Sheet Analysis
A1: Analysis Questions | B1: Ans
A2: 1. What is the Highest Salary Of Employee? | B2: =MAX('Cleaned Data'!H2:H501) -> 293410
A3: 2. How many Employees are from the HR Department and are Manager? | B3: =COUNTIFS('Cleaned Data'!D2:D501,'Cleaned Data'!D484,'Cleaned Data'!E2:E501,'Cleaned Data'!E3) -> 46
A4: 3. What is the Average Work Experience of the Employees? | B4: =AVERAGE('Cleaned Data'!G2:G501) -> 21.316
A5: 4. What is the Average Salary of Employees? | B5: =AVERAGE('Cleaned Data'!H2:H501) -> 170634.37

Sheet Insights
A2: Questions
A3: 1. Which Department has the Highest Number of Employees?
A4: 2. How many Employees are Managers and Non-Mangers?
A5: 3. What is the Average Salary of Each Department?
A6: 4. How many Employees is are there in each Age Group?
A7: 5. How many Employees is are there in each Salary Range?
A9: Analysis Questions
A10: 1. What is the Highest Salary Of Employee?
A11: 2. How many Employees are from the HR Department and are Manager?
A12: 3. What is the Average Work Experience of the Employees?
A13: 4. What is the Average Salary of Employees?

Sheet Charts
A3: Row Labels | B3: Count of Index
A4: Finance | B4: 57
A5: HR | B5: 41
A6: IT | B6: 51 | N6: =GETPIVOTDATA("Index",$A$3) -> 243
A7: Marketing | B7: 48
A8: Sales | B8: 46
A9: Grand Total | B9: 243
A24: Row Labels | B24: Count of Index
A25: Not Manager | B25: 243
A26: Grand Total | B26: 243
A32: C | B32: Average of Salary
A33: Finance | B33: 165951.91
A34: HR | B34: 169498.46
A35: IT | B35: 172284.29
A36: Marketing | B36: 177039.19
A37: Sales | B37: 162194.85
A38: Grand Total | B38: 169358.19
B43: Column Labels
B44: 30-50 | C44: 50+ | D44: Under 30 | E44: Grand Total
A45: Count of Index | B45: 123 | C45: 81 | D45: 39 | E45: 243
B60: Column Labels
B61: 1-2 Lakhs | C61: 2 Lakhs + | D61: Below 1 Lakhs | E61: Grand Total
A62: Count of Index | B62: 136 | C62: 78 | D62: 29 | E62: 243
A73: =COUNT('Cleaned Data'!A2:A501) -> 500
A80: C | B80: Sum of Salary
A81: Finance | B81: 9459259
A82: HR | B82: 6949437
A83: IT | B83: 8786499 | D83: =GETPIVOTDATA("Salary",$A$80) -> 41154039
A84: Marketing | B84: 8497881
A85: Sales | B85: 7460963
A86: Grand Total | B86: 41154039
A91: C | B91: Average of Experience
A92: Finance | B92: 20.736842
A93: HR | B93: 21
A94: IT | B94: 21.568627
A95: Marketing | B95: 22.125
A96: Sales | B96: 20.326087
A97: Grand Total | B97: 21.152263

Sheet Dashboard
A1: EMPLOYEES DATA DASHBOARD

Sheet Findings and Recommendation
B3: FINDINGS | C3: RECOMMENDATION
B4: IT has the highest number of employees, while HR and Marketing have fewer employees. | C4: Review staffing levels and provide additional employees to departments if needed.
B5: The number of managers and non-managers is slightly different. | C5: Review the manager-to-employee ratio to maintain an effective management structure.
B6: Marketing has the highest number of employees, while Sales have fewer employees. | C6: increase sales staffing to improve sales performance and balance the workforce.
B7: The 30–50 age group has the highest number of employees (265), while the under 30 age group has the lowest (77). | C7: Provide suitable training and career development opportunities based on the workforce age distribution.
B8: The ₹1–2 Lakh salary range has the highest number of employees (297), while Below ₹1 Lakh has the lowest (48). | C8: Review salary distribution based on employees roles and experience.
